Longitude_E,Latitude_oc
-122.417668571897000,22.537566028152000
-109.170021329018990,15.953844136496000
-110.249232803431990,14.853639824279000
-107.888180383975000,14.809408639625000
-107.971580688645010,14.162199287849999
-108.583109210432000,14.762691509546000
-111.210540263050010,21.725430759792001
-110.793633831628000,20.175055377416999
-111.164561569197010,20.484446716127000
-110.524920362313000,20.750203618954000
-103.787028071489000,3.653268903271000
-101.801896897847000,7.162582856573000
-101.935957369357000,6.923827540646000
-97.269307890042001,12.646888247171001
-104.493346730122000,16.272526508761999
-127.220743379848000,17.707836718136001
-128.100477270015010,16.685264839740999
-127.962216777671000,16.698486471523001
-127.867776550660000,15.334391832571001
-127.335278362653990,16.369204445017999
-127.404001346340000,16.947242786937000
-117.635060671528000,16.292572037669000
-116.422690812838990,17.894989793444001
-115.050558032018000,17.149719704369002
-110.198979329794990,30.666668215382000
-112.004168058152000,29.657292640207000
-111.967713797719000,30.040554999895001
-109.238412968529000,28.758111355076998
-109.539400631465990,28.071327350697000
-109.059649577558010,27.857642739164000
-109.190188425849000,28.069664435431999
-108.589876015239990,28.235124504283998
-108.883380559485000,28.161124774998001
-108.860099745777010,28.436337251329999
-109.907427453022000,30.067839007499000
-109.801448542389000,29.533609254443999
-109.486949512487000,28.461895912509998
-109.861137204139000,27.838386411358002
-110.681756540781000,29.903887566032001
-110.278993951017990,26.667064315912000
-110.372570663290010,26.314832233549001
-109.763611581261000,25.532928772222999
-110.110312285296000,23.041068208559999
-110.172317976301000,22.551214152541998
-110.422013852442010,23.737572478720001
-110.824861530806000,24.352369217370999
-110.631692767000000,25.554308192162001
-109.821119685543000,27.037823107531999
-110.190665354977000,27.746378632231998
-109.802424289113010,24.680684156382998
-109.619676789009010,24.305841457960000
-109.697730069104000,23.634676726121000
-113.042141592633000,27.627050006173000
-113.143873475861990,27.589325951666002
-112.629958406548990,26.893246120179001
-112.219854152075000,25.989424122454999
-111.812616645788000,25.747661692051000
-114.020602615363000,28.355340783281999
-114.227850744985010,27.770550850273999
-113.199347027267000,25.432665429423999
-106.807257316476000,3.147380045076000
-106.766521596629000,2.720868154298000
-106.640085045411000,2.417064272076000
-106.899012855932990,2.233286073685000
-106.707082566916990,2.082719729946000
-106.540444534801000,2.186161746409000
-106.567512641540010,1.991342609743000
-106.522636569840000,2.101395833198000
-106.753071636426990,1.877015474698000
-106.213312218480000,0.327485083619000
-106.103773447346000,-1.016422672053000
-105.963209243926000,-1.417853775513000
-105.843392790161000,4.702683275474000
-105.940098998675000,4.665624326956000
-105.911157724595000,4.483153123300000
-105.727274751471000,4.447505944249000
-105.897731796960000,4.384258672111000
-105.814205240739990,4.282385387347000
-105.634301888882010,4.300456036529000
-105.941904494960990,3.875594995756000
-105.960376714125000,3.829414447846000
-105.828661760086010,3.591685018605000
-105.901345926796000,3.620598057297000
-105.774048242557000,3.284885552490000
-106.180035494184000,3.447521395129000
-106.024876239224990,3.042480061329000
-106.408154795291000,3.139279827800000
-106.298762605089000,3.282264895309000
-106.259140236984000,2.917050024081000
-106.133382286042010,2.873120876834000
-106.107422028388000,2.304955107600000
-106.118157507084010,2.738429880722000
-106.244967681476990,3.110314653550000
-106.273699028550990,2.604146353864000
-106.554916776819990,3.028180048197000
-106.442251009785000,2.642257756636000
-106.562483880576000,2.290807826630000
-105.888215259164990,2.072638972109000
-107.882614186951000,0.306465356489000
-107.272056977240000,1.422746423527000
-107.116748307044010,1.838197116303000
-107.015797671416000,1.681917766917000
-107.482209021600000,3.801773261858000
-107.139451414736000,2.786982096663000
-107.181450722043000,4.823519832421000
-105.555738049084000,5.127300120792000
-105.478812363409010,5.327593328972000
-105.439531162213000,5.271126602253000
-105.721357636737000,5.436926679179000
-105.474091648065000,5.503775696118000
-105.348255168066000,5.880386799894000
-104.908840271347000,5.058825080380000
-105.199819989848000,5.005895374068000
-105.059118474041000,5.675287457281000
-105.095355609360000,6.109995519623000
-105.198940053624990,6.259823019364000
-105.442903336464000,4.825851865168000
-105.450302077020000,4.508378634061000
-105.138882360912010,4.381523864173000
-105.216905443133000,4.499365622839000
-105.229819608467000,4.534341487283000
-105.207535106373000,4.660599313330000
-105.403782495776990,4.745020624600000
-105.390464762777000,4.793448744599000
-105.393429494145000,4.242546390232000
-105.046672981613000,3.066751349375000
-104.341178364979000,3.580796907709000
-113.843587031122000,25.740341966591998
-109.237084879866000,26.797966887516999
-109.394880427870010,26.969641202649001
-109.223206112738000,27.145539490385001
-108.578268212321010,-0.633356528564000
-108.468465964114000,-0.456888629661000
-108.447128648071000,-0.942888650396000
-108.119665733540000,-3.071146015092000
-108.290120775393010,-4.787497360785000
-108.419967646820990,-3.427353901170000
-109.028396401097990,-2.413623032961000
-108.984875182404000,-2.043692674068000
-109.007433055456000,-1.226450479079000
-109.254944354152000,-0.995431596230000
-109.463045813650990,0.219160576038000
-109.758317526145010,0.964087391308000
-109.908356030185000,-0.306490272414000
-109.963309295429990,-0.355997718581000
-109.885087530486000,-0.817407116857000
-110.038560613604010,-1.019397497218000
-110.890465745303000,-5.443564843424000
-111.037302899672000,-5.429340535319000
-110.884576624825000,-2.782358220285000
-110.310023219250990,-2.253524375529000
-110.202361027647000,-2.111449611267000
-109.562396422457000,-2.506866458055000
-109.273112319598000,-2.494630876665000
-110.349843481899000,-4.268790178184000
-112.580737634687000,-4.960070211141000
-109.883338559272000,-7.294593090431000
-110.021683618622010,-6.872640659413000
-106.729314560105000,-3.652715418638000
-106.775719073708000,-3.533248479361000
-106.434102867179010,-3.082038634321000
-109.662807980037000,-4.086134020842000
-109.776907530849000,-4.214229145212000
-109.745390091077990,-4.950949299858000
-109.604277917557990,-5.174078447327000
-109.762223269137000,-5.419413063726000
-109.454211925921000,-5.697339578070000
-108.642719927916000,-3.273448702111000
-108.563830670639010,-4.957270606633000
-108.316431415283010,-4.967113246211000
-109.234929374110000,-5.074114106567000
-109.605603902450990,-1.245605279642000
-109.220348013281000,-1.404488182840000
-109.189313819871000,-3.297425349346000
-109.412234011341000,-3.085482240627000
-109.192622718682000,-3.803535250280000
-109.072597584563000,-4.320791003221000
-109.031584536926000,-3.305534721545000
-107.828783376643000,-0.930526825088000
-107.810214427092010,-1.208703973180000
-108.081606766693990,-1.554372110989000
-108.060273635905010,-0.508863541891000
-125.174282543651000,13.247088568824999
-129.921276669296990,14.742651692514000
-128.785943231462000,15.827868364322001
-128.380776864035000,16.173783382751999
-129.786068382627010,15.098794622378000
-123.937176488623000,18.727108975560999
-101.326930889469000,2.118165309474000
-100.398213137368000,2.454704146472000
-98.587336165203993,2.339792970318000
-99.013747491768996,3.022836702226000
-97.318289317554004,3.682890778466000
-100.729780966335990,10.568848323286000
-100.835959383738000,10.478921704465000
-100.976808304783010,10.636022424091999
-99.769841396757002,11.035816669210000
-99.667996792310007,11.504951921610999
-100.034203987024990,10.938305877716999
-100.643890022730010,11.777174250348001
-100.636119631533010,11.958635738890001
-101.023947109242000,12.858948949852000
-100.198032263993000,13.094063394849000
-99.063487844576997,13.077819733050999
-98.342738149938995,12.141381003402000
-97.004394386105005,12.525870152771001
-93.886690357136004,36.716601236387000
-94.734561125549007,35.989401214041003
-92.028995976906003,38.180527918928000
-91.987713879568005,37.808989042881997
-89.806113812527997,37.526365453411003
-90.739724321566996,35.706777624570002
-88.526368795037001,36.545121755135000
-89.180531260554005,37.050033561044003
-90.587298116010004,37.456503442530000
-87.951594978247002,35.538473689267001
-89.498085855465007,38.809286016851999
-89.517139131158999,39.358655466047999
-89.485383671668004,39.590470320332997
-89.802938266579005,37.748653669847997
-90.006173207322007,39.225282536184999
-85.204747732266000,36.589579398422998
-85.588988792109006,36.773761063470999
-87.310134696527001,33.318767070838000
-90.765128689159994,32.905946097453999
-91.031874548885000,31.486477058201000
-90.085561856050006,31.308646485051000
-90.174477142624994,33.560108562971003
-90.149072775031996,33.477544368293998
-91.581243998082002,32.134288431820003
-92.562173449621994,33.382939561892996
-85.136305287754993,35.913181974605003
-83.233968552619004,34.792314902778003
-88.688482182312001,35.118306357160002
-89.254975301293001,34.844607434506003
-88.809543723776002,28.260098956848001
-88.616279222854999,28.330962607185999
-88.416572571903998,28.168620426412001
-91.425557692344995,24.744426806587001
-93.139403627022006,27.220442697231999
-92.800523697789998,27.417848481250999
-91.269593100555994,27.101085311154002
-96.199466325721005,20.955720797474999
-96.517265266905994,20.372764457508001
-112.454103957140010,20.205662738744000
-113.264064172587990,17.876225707509999
-113.075999531533990,17.936064456935998
-115.856483946548000,18.863531972430000
-115.218640182097000,18.841698689539999
-114.791331645521000,18.132116995590000
-117.413469932694990,18.844102949858001
-127.527634704267000,18.184320229516000
-107.942986732926000,27.152783474557999
-108.043095436524990,27.447485500881999
-108.063890879421000,26.783233280984000
-108.243321197396990,27.857171639503999
-108.513183517304000,28.637747696824999
-108.701926145553000,27.907183212848999
-109.214071845457990,27.406783973951001
-109.820243338835000,26.022137273355000
-109.798860479168000,26.380037268763001
-108.812592192705000,28.646712964875000
-108.589129972103000,28.708497880425000
-108.598199175609000,28.522845949827001
-108.447890464558000,28.411214724316999
-108.542116821574000,28.197254875422001
-108.566986278063990,27.689437828728000
-107.886573027367010,29.827671049170998
-107.940044232663990,27.257228537614001
-107.789438313092010,26.524217047794000
-107.677733538995990,28.588632071003001
-107.796638289396990,30.003063751534000
-107.678320198869000,30.045564293077000
-107.655468148894000,30.107499755628002
-107.729117033853000,30.906137198886000
-107.450159469875000,29.604033650980998
-107.468226834343000,32.228492698776002
-107.393248215791000,31.471708508864001
-106.981527293030000,29.847098627057999
-108.778582293891010,27.028789256075001
-108.890394327514000,26.787689079025998
-111.770469022184000,24.683771733827999
-111.883998240975000,23.901108180044002
-111.689461194193000,21.262467667368000
-117.639310861187990,17.837006596685001
-117.014900157840000,18.528502747499999
-99.730759141980997,24.889551523717000
-104.989820598937000,24.528388696107999
-103.768131415362010,18.239323234602001
-103.690122782168000,17.950301248618999
-103.674131012363010,16.700992988021000
-104.086016595626010,17.467427809149001
-104.034920940884010,16.920197247295000
-101.131116895942990,10.942767492926000
-101.044267284320990,10.820033910034001
-101.181562478741990,10.437791607385000
-105.428577693591000,-9.332738755562000
-108.252803336146000,-11.148328231285999
-104.911029920565000,-12.541784025261000
-104.760860629587000,-12.348277288336000
-104.893508985943000,-11.823072339162000
-104.253003244263990,-10.639280543810999
-103.320463059166000,-12.796057310993000
-103.434520617998000,-12.871231612780999
-103.298216911061000,-11.837422273207000
-103.415790072818000,-11.415549692750000
-103.391836818574010,-11.541881008014000
-104.632559711695000,-11.237385255962000
-103.901609958928010,-13.182907271568000
-103.735568480671010,-13.181330927801000
-102.848901207854990,-12.554848478263001
-102.822524977097000,-11.483742300537999
-102.455651929934010,-11.627570540179001
-102.085782697090000,-10.737420511505000
-100.577958550625990,-8.616121082678999
-101.697668198641000,-10.608287663598000
-101.972580369952990,-10.364325868697000
-101.752286511939000,-10.941459367970999
-101.031182734342000,-10.840671420505000
-100.899664784429010,-11.575437359764001
-100.810571724141000,-11.445472534605001
-101.495061411904000,-12.370589049596999
-103.111856626461010,-8.078416235051000
-100.148161610878010,-10.122165837523999
-100.254904404420000,-12.607435181026000
-100.325373788062000,-11.956391207586000
-100.612739143124000,-10.349241737738000
-98.868422344893006,-14.671342403022001
-99.094542808767002,-13.746953783773000
-99.653307178454000,-11.726663621128999
-102.373164107907000,-13.481258022207999
-102.132597520546990,-14.531909959748001
-101.613733858899000,-15.656931759712000
-100.243306222924010,-15.721779525463999
-99.169460626749000,-19.874194859228002
-100.701947736935000,-14.149053751574000
-99.731846780164005,-14.061712032657001
-99.404433258387002,-13.857862057016000
-99.654418630162994,-15.172908723175000
-99.734628028898001,-15.635655254337999
-98.833321781394005,-16.203455954184001
-98.412650462846003,-12.482502474930000
-98.435440326980995,-14.943807801445001
-99.180510937449000,-11.317012592487000
-98.864373816506998,-13.252474299588000
-99.468546980973997,-13.178708971368000
-100.290503495424010,-12.711528559309000
-100.434521517186000,-11.773655100514000
-99.967341105127005,-11.640174982783000
-95.810398674256007,-17.486578213794001
-94.825049414724006,-18.266410117172001
-95.183706439288002,-17.822358562948999
-102.304610045991000,-12.250758772700999
-104.219214096724000,-13.872127606837999
-106.671805279374990,-10.327599719244001
-106.552756469429990,-10.193092203675000
-106.610034519625000,-10.359383312898000
-105.129508400272000,-8.335188192326999
-105.792062480528000,-9.858203122340001
-106.226174318717990,-10.483849586169001
-106.734674018579990,-10.326033776205000
-105.152886296034000,-9.284424693750999
-107.251741134577000,-10.767439438203001
-107.421039106886990,-10.935077626421000
-106.060545674284000,-10.898723802783000
-105.298155826875000,-12.607527576268000
-105.066922714388990,-13.648205252872000
-104.914268226419000,-13.490833912490000
-103.466995597718000,-8.118635335266999
-104.913634337060000,-10.093442821277000
-103.647939483527000,-12.118694399369000
-103.437037352899000,-9.810157326763999
-103.846796390310000,-12.691332980724001
-102.531438123499000,-12.793870521259000
-102.584185574446000,-12.837739686496001
-102.623354472762000,-12.861241026160000
-102.478690674239000,-12.791781511865000
-103.143260321086000,-13.278273416588000
-103.083390670994010,-12.594761577762000
-103.118314633267000,-14.281090054777000
-105.258444482940010,-8.696150206373000
-105.375631982670000,-8.723493956198000
-105.324850733237000,-8.711775205550000
-102.640845205625990,-10.842620252044000
-102.520728017390990,-11.134669884068000
-102.426518458619000,-10.793160232466001
-101.392621155712010,-8.114556719769000
-101.350297256901000,-8.904602831461000
-100.654377363193010,-8.730783918324001
-100.066628714011000,-9.619391686913000
-99.316087682865003,-10.052505831273001
-101.444572889396990,-10.313274800932000
-101.765030784480000,-10.673829637869000
-101.488692635415010,-10.793291504329000
-101.168617271174000,-11.838266243773001
-101.019178998689000,-12.008335918039000
-100.964959644828000,-10.135404248394000
-100.476579657927000,-9.761057622816001
-100.624580659477000,-9.575269130253000
-100.619332398195000,-9.821937467855999
-101.497860493248000,-11.083271722166000
-102.026454163214000,-11.613199730447000
-101.774677337291000,-11.908864259028000
-101.863584905278000,-12.208914159629000
-102.046087754757000,-11.824496223273000
-100.173309449033000,-11.200684432660999
-99.774807919932996,-11.077523034881001
-99.986744539179995,-11.248740856717999
-99.757583371471995,-11.262382377193999
-99.930624364148002,-11.875441891934001
-99.803286116709998,-12.609210209906999
-99.890420079696000,-13.013631986847001
-100.154831755418000,-13.017678777637000
-100.209002538807000,-12.715153115773999
-100.103477671345000,-12.350677803327001
-100.219061652137000,-12.138773840509000
-99.471246556454005,-11.284527350595001
-99.253796949141005,-13.982772414387000
-100.583067707023010,-12.071405910061999
-100.673550220204010,-12.596707160023000
-100.641647864240990,-13.278091974920001
-102.764686358879000,-13.314496825390000
-102.553824877973990,-13.636774982819000
-101.763505020473000,-13.239974061300000
-101.928123250640990,-12.957771381254000
-102.187211327707000,-13.421378013565000
-102.379110484940990,-14.343696618033000
-102.327681286187000,-13.826044997999000
-102.252034297044010,-14.294808707659000
-102.087078627786000,-13.801351340145001
-102.079331089305000,-14.860392196074001
-102.098494438044000,-15.353412898347999
-102.358636899234000,-14.719106051228000
-101.373182890345010,-14.620127427209001
-101.616849955779000,-14.378503646769000
-101.023121028083000,-14.343977117145000
-100.718271818302000,-13.673844082989000
-100.773280141182990,-14.963620274085001
-100.826832733310990,-14.719286575134999
-100.696298290736000,-15.525922487216000
-100.779974214988000,-15.212974530076000
-100.523049551745000,-15.153563409527999
-100.985152243863000,-15.304496049825000
-100.949559635412000,-15.588755938176000
-100.927677431804000,-15.530671964004000
-100.705056405441000,-15.664018645306999
-100.712096284469000,-15.802938927385000
-100.916956768071000,-16.015777938414999
-100.692853949246000,-16.167370003418000
-100.767242004930000,-16.214302531398001
-100.618700555240000,-16.344540294264000
-100.670326335343010,-16.660161542143999
-100.568102429475000,-16.812306657629001
-101.009770528915000,-16.636080295682000
-100.423138055821000,-14.739676265010999
-100.467388378633000,-14.445607660222000
-100.252726984621010,-13.933492194967000
-100.263660926540000,-14.243287219948000
-100.297191682209000,-14.361373793013000
-100.034048142862010,-14.679915971868001
-100.076326052404000,-15.786066444828000
-100.303752046348000,-15.620963920329000
-100.017622385487000,-16.328967688437999
-99.970004097786997,-15.943330898118999
-100.052547486525000,-15.065183680590000
-100.251197829622000,-16.223824076401002
-100.298914068054000,-16.336523939566000
-100.236940491579010,-16.992490404594001
-98.868366322675001,-20.232867758261001
-98.455697107613005,-21.568562356598999
-100.006054637578000,-13.542391304746999
-99.837662418771004,-13.554712686610999
-99.652076161169006,-13.775262991722000
-99.815105379909994,-14.902311827621000
-99.941466032685994,-15.636783121882999
-99.413790433957999,-15.441301711250000
-99.765477797642006,-15.706609722450001
-99.756222867019005,-16.271160490469001
-99.666758537660996,-16.132336531120000
-99.509424717065002,-17.242928205913000
-99.318156150850996,-16.447004172311001
-99.237946752116002,-16.493278825428000
-99.456980110200007,-16.610507946656000
-99.188587122125000,-15.993512571770999
-99.037063651796004,-15.301170528117000
-98.968267695557003,-15.343506501187001
-99.079399624866994,-14.801076846220001
-99.187885555860007,-15.692778279020001
-99.541977287296007,-12.299990625114001
-98.856535092154999,-16.653930760497001
-98.861962259799995,-16.914434807458999
-98.802263415704999,-16.762474113398000
-98.986787115634996,-17.001269489778998
-98.753418906899000,-17.147803016194999
-98.213239151669995,-12.328670892023000
-98.258818879939000,-12.072284920511001
-98.458230191115007,-12.254603833586000
-97.951155714124994,-13.211778127231000
-98.287306210107005,-14.676026897866000
-98.144869559266994,-14.704514228034000
-98.418347928879996,-14.630447169597000
-98.651944036258001,-14.362666266018000
-98.389860598712005,-15.490764540670000
-98.304398608208004,-15.758545444249000
-97.991037976360005,-15.268563365360000
-98.036617704628995,-15.730058114081000
-98.298701142173996,-16.014931415761001
-98.384163132677998,-15.900982095089001
-98.110684763066004,-17.097449962144999
-98.315793540274996,-16.886643718902000
-98.566482045754000,-16.898038650968999
-97.683374810545999,-14.807068616638000
-97.455476169202001,-14.539287713059000
-97.461173635235994,-16.476426164482000
-97.466871101269007,-16.584678019121000
-97.871391189655000,-17.530457380698000
-97.244669925959002,-16.801181728397999
-97.341526848529995,-16.966408243372001
-97.842903859486995,-18.732622713786999
-98.702353542023999,-15.572130424499999
-98.579411328324994,-15.826796438592000
-98.456469114624994,-16.538104960712001
-98.430124354545995,-16.779598594765002
-98.474032288011003,-17.455780770113002
-98.548675774900005,-15.356981550525999
-98.733089095449003,-16.050726899259999
-98.639565197170995,-14.668066074473000
-98.860861181830003,-14.151708776934001
-98.607951485076001,-13.789907405189000
-98.674691543942004,-11.763117196483000
-98.955702318112998,-13.456207110861000
-99.440445903557006,-13.470257649570000
-99.391269018076997,-14.453795359167000
-96.850135919048995,-15.348987039283999
-96.812175489899005,-17.098134142422001
-96.900767997404998,-17.009541634916999
-97.214249177810004,-16.498431014691000
-97.146101095112996,-15.816950187722000
-96.662249707965998,-16.457542165071999
-96.539583159111999,-17.261689540894999
-96.955286463562004,-17.772800161121001
-96.253361211785005,-16.845986236443999
-96.382842568908998,-16.573393905656999
-95.633213659244007,-17.173097033388999
-95.830843099065007,-17.616059570918001
-95.612769234435007,-17.595615146109001
-95.374250944996007,-16.995912018376998
-95.333362095378007,-17.343467240131002
-95.374250944996007,-17.438874555906999
-95.490102685580993,-17.936355559593000
-94.917658790928002,-15.721542871946999
-94.624622035331001,-16.525690247768999
-95.108559253189000,-16.760050614000999
-95.258853625387005,-17.576422317533002
-93.687355496205996,-15.473028687546000
-104.186861980110000,-12.415313125637001
-103.033782678035000,-12.065803120110999
-101.503244909341010,-11.594364213536000
-100.786938580706010,-9.939944998035999
-118.768995759366010,-6.905213541061000
-118.660962459186000,-7.575793992537000
-115.996362702103000,-5.778330240653000
-116.031890443786000,-5.767036653893000
-115.957305714558000,-5.744684763430000
-115.911896084461010,-5.803034961690000
-115.887661929538000,-5.738567403935000
-116.063418373491000,-5.661865127190000
-115.869780417168000,-5.495520005537000
-115.860604377925990,-6.104197275291000
-115.830488146566000,-6.128901996329000
-115.787196063986000,-6.100432746371000
-115.716611146735000,-6.091962556301000
-115.686494915374990,-6.080904252599000
-115.658496231532990,-6.067022552206000
-115.619674527045010,-6.047729341491000
-115.854957584546000,-6.206310122246000
-115.951188355063000,-6.182546533439000
-116.086433510433000,-6.154106976268000
-115.701374575643000,-6.797599503698000
-115.941322358384990,-6.810286397958000
-115.967247751003000,-6.811941210253000
-115.998689184602990,-6.816905647137000
-116.029027410008000,-6.818284657382000
-116.064605874345010,-6.816905647137000
-116.110940618599000,-6.793186670912000
-116.105424577616010,-6.816354043039000
-116.081705601390990,-6.820491073775000
-116.140727239905000,-6.792635066814000
-116.188992598502000,-6.800357524189000
-116.220158230054000,-6.801460732386000
-116.279179868567000,-6.805321961073000
-116.202190185169000,-6.762965114677000
-116.260517498308000,-7.010016296092000
-116.183046609740000,-7.052822244691000
-116.207994861991000,-7.045469075607000
-116.242659801960000,-7.108233626006000
-115.899541090596000,-7.497426361117000
-115.941296586468000,-7.468276297961000
-116.174642987929000,-7.568477816357000
-116.246073773321000,-7.555872383641000
-116.477671390546010,-7.462781950822000
-116.678056067063000,-7.523726195505000
-116.505218189142990,-7.785542670661000
-116.479621606376000,-7.797731519598000
-116.349417613403010,-7.846974469301000
-116.507374975104990,-7.498090850607000
-116.520093262608000,-7.489708342935000
-116.538881641873000,-7.475833847478000
-116.596113935635000,-7.478146263387000
-116.581083232222990,-7.476122899466000
-116.772557817078000,-7.472392920901000
-116.787278080872990,-7.423870569873000
-116.953562542260000,-7.421417192574000
-116.707172260889000,-5.743054505407000
-116.748209787446000,-5.785784301101000
-115.744765511267000,-5.441530183540000
-115.881397873290990,-5.408908616136000
-115.857759056332000,-5.403708076405000
-115.833174686693990,-5.398507536674000
-115.587330990319000,-5.024068676041000
-115.604823714869000,-5.025487005058000
-115.636499729593990,-5.034942531842000
-115.675740165746010,-5.056690243445000
-115.704579522437000,-5.069455204603000
-115.737673866178990,-5.075601297012000
-115.462518036774990,-4.688870251560000
-115.490884617126000,-4.623627116753000
-115.601041504155010,-4.653412026121000
-115.629408084506000,-4.647738710051000
-115.586385437641000,-4.686506369864000
-115.701270088062000,-4.678941948437000
-115.842157437138990,-4.594787760062000
-120.821181029462000,-9.652693783374000
-120.812942267260990,-9.759797691990000
-120.550214049693000,-10.015588130365000
-120.448359190031990,-9.983670478490000
-120.452270666977000,-9.781994727178001
-120.298166857307000,-9.451561111417000
-120.242080974941000,-9.416709851832000
-120.325452911396990,-9.405018848172000
-120.170929625811990,-9.256277652898000
-120.231098715038000,-9.303169888371000
-120.239335440735000,-9.032723033823000
-120.167936850404000,-8.986275563769000
-120.084646807450000,-8.811612630510000
-120.056260487204990,-8.629757043393001
-119.917338999116000,-8.650260283109001
-119.895744373074000,-8.631972942137001
-119.882697368817010,-8.443570317259001
-119.566658404930000,-8.518656941624000
-119.789516357363000,-8.368677772381000
-119.919491153882010,-8.323095179099999
-120.549901805690000,-8.165137529553000
-120.460268510381990,-8.546884184102000
-120.207974203284000,-8.210201264369999
-120.254820761380000,-8.402272152564001
-120.360303594692990,-8.462938445298001
-120.397156220396000,-8.459815341424999
-120.711280852360010,-9.288458597106001
-120.436331164244000,-8.868885223328000
-120.924572500916000,-9.304818820732001
-102.795899095118000,4.365364729209000
-105.998965059963000,6.160069078234000
-106.081151422774990,5.816647490769000
-106.128702104117000,5.780250672952000
-106.375210287917990,4.885907002055000
-106.801224842057000,4.753662752363000
-110.058818844564000,2.035513169176000
-111.150448355441990,2.932409456844000
-116.621702953702000,9.139530946657001
-116.589871561447000,9.122679033110000
-120.577520814443010,2.533227296957000
-120.313055116874000,2.521939126938000
-120.388847115567000,2.413895213907000
-120.319505499741000,2.352616576666000
-120.388847115567000,2.275211982255000
-121.622482838983000,2.794467803092000
-121.456385480143990,2.636433422837000
-121.507988543084000,2.644496401422000
-121.416070587221990,2.750927718736000
-121.372530502866000,2.754152910170000
-121.358017141414000,2.621920061385000
-121.345116375679000,2.638046018554000
-121.430583948674000,2.621920061385000
-121.483799607330990,2.612244487084000
-121.472511437313000,2.747702527302000
-121.532177478837000,2.704162442946000
-129.053760951187000,-11.540782683460000
-130.984647833958010,-11.859279488865001
-130.336042360449990,-11.912362289766000
-130.150252557296990,-11.859279488865001
-130.019204392572990,-11.784631800097999
-129.966121591671990,-11.758090399647999
-129.901426928073990,-11.721595974028000
-116.618126262991000,-4.022380082690000
-116.638032313329010,-4.125228009436000
-115.867243088138000,-2.052510518008000
-116.066925655589000,-1.691402323598000
-116.364583314547000,-1.823901971159000
-116.416836696684000,-1.799641472310000
-116.435498618876000,-1.791243607324000
-116.481220328246000,-3.108775314060000
-116.450428156629000,-3.072384565786000
-116.507347019314000,-2.726205909129000
-116.530674422054010,-2.770994522389000
-116.537206094821000,-2.812050751211000
-116.407505735589000,-2.875501286663000
-116.460692213835000,-2.970677089841000
-116.498949154328000,-2.936152533786000
-118.175515508563000,1.500512112606000
-118.057945398756000,1.544367629756000
-118.063543975413000,1.513575458140000
-118.071941840399010,1.495846632058000
-118.149388817494990,1.455723499345000
-118.123262126426990,1.439860865482000
-118.100867819795990,1.434262288825000
-117.942241481167000,0.619669385156000
-117.876924753496000,0.230568307459000
-117.901185252345000,0.286554074034000
-117.262947513388000,-0.751981895936000
-117.211627227361010,-0.813566239168000
-117.296538973333000,-0.703460898237000
-117.314267799415010,-0.687598264374000
-117.331996625497000,-0.659605381087000
-117.343193778811990,-0.628813209470000
-117.363721893223000,-0.587756980648000
-117.378651430977000,-0.567228866238000
-117.404778122045000,-0.549500040155000
-117.425306236456000,-0.521507156868000
-117.444901254757000,-0.486049504704000
-118.343472808288990,-0.670802534402000
-118.299617291138010,-0.723055916539000
-118.433050034809000,-0.608285095059000
-118.381729748782010,-0.636277978347000
-118.485303416946000,-0.587756980648000
-118.521694165220000,-0.556031712923000
-118.566482778479990,-0.539235982950000
-118.565549682370000,-0.486049504704000
-119.183725854971000,-0.010723434657000
-119.093042736765990,-0.059382668816000
-114.863266233338000,-6.049825133245000
-114.489094693393990,-5.951850041739000
-114.236225647696000,-7.593166098501000
-114.309007144244010,-7.833904894774000
-114.571207151038000,-6.758978176531000
-114.619728148736000,-6.192588838012000
-114.405116043531000,-5.768030108150000
-114.491893981723000,-5.643928325575000
-114.421911773503990,-5.606604481192000
-114.336066931422000,-5.621534018945000
-114.373390775806000,-5.353735435494000
-114.309940240354000,-5.559949675712000
-114.268884011531990,-5.527291311877000
-114.804481178434000,-5.183911943549000
-114.553478324956000,-4.861993785742000
-114.729833489668000,-4.429037190894000
-114.497492558380000,-4.461695554729000
-114.751294700188000,-3.480078447445000
-114.792350929010000,-3.542595886787000
-114.620078059777000,-4.026639493635000
-114.905838743337990,-3.129700858295000
-114.321755307736000,-2.640007564188000
-114.133444412277000,-2.443843037000000
-114.066772556188990,-5.265809481019000
-114.193045781595000,-5.096454802240000
-114.066772556188990,-6.076929258331000
-114.425915205838000,-4.414851285186000
-114.283619462969990,-4.175459623655000
-114.263530652212000,-3.350144315021000
-114.137975584976000,-3.445566166121000
-114.171456936239000,-3.134189599374000
-114.247794417119000,-3.012853182397000
-113.936016074157000,-2.755716404697000
-113.809590491788000,-2.907855664836000
-113.758163136248000,-2.677503968146000
-113.568524762694000,-3.116779296717000
-113.626380537676000,-3.292489428146000
-113.863160653809000,-3.602124964627000
-113.751734716805000,-3.638552674801000
-113.261032032694000,-3.869975774731000
-113.348887098408000,-4.342464603756000
-113.761377345969000,-4.672456801804000
-113.370315163216010,-4.698170479574000
-113.450670406247990,-4.960664273477000
-113.766734362170990,-5.561721491351000
-113.711021393669000,-5.705289525567000
-114.081726914854000,-6.720979797484000
-114.045299204680010,-6.755264701177000
-113.675665086736000,-7.133470045044000
-113.265317645655000,-6.501342133198000
-114.030299559314000,-7.345607886647000
-113.221390112798010,-5.462080989992000
-112.589262200952010,-4.323179345428000
-112.826042317084000,-3.882832613616000
-112.598904830115000,-3.605339174348000
-113.237461161404990,-2.813572179679000
-113.446384793286000,-2.768573243582000
-113.373529372937990,-2.671075548704000
-113.578167391858000,-2.712860275080000
-113.673522280255000,-2.482508578390000
-113.544953891405000,-2.407510351561000
-113.285674307223000,-2.482508578390000
-112.475693457467000,-2.592863112153000
-113.376743582659000,-2.206086542362000
-113.430313744680010,-1.965020813268000
-113.412099889592990,-1.793596294801000
-114.182438819453000,-1.600743711526000
-113.411028486352000,-1.083255946404000
-113.366029550255010,-1.295393788007000
-113.182819596143010,-1.050042445951000
-100.479128749428000,9.478449404049000
-96.519522119659001,4.931777839537000
-96.699498092236993,4.126171105139000
-94.863552721172994,6.039249035879000
-105.624020922946000,-4.355553697798000
-106.362969889722000,-2.553889464369000
-100.232478487599000,10.012269941021000
-100.373850831808990,10.688472599474000
-100.467909807810000,11.132082739809000
-100.716967378066000,11.205513087270001
-99.443660666956006,12.423071800084999
-99.571848352558007,11.916377168804001
-98.612964090174998,11.954732539300000
-99.186275943894998,12.631110432450001
-99.804379902324001,10.262831670300001
-100.145086184365000,11.490555919063000
-100.935820048178000,10.974312881817999
-128.838609360949990,16.068477515950001
-128.770821544177010,16.491314484153001
-128.703033727404010,16.517676412897998
-128.358445658810010,16.342557886234999
-128.019269613788990,16.666970404869001
-127.888060835856000,16.670829486572998
-127.538331556438000,16.781027708562000
-127.775879474657000,17.024578642765000
-127.258762526333000,16.408840717562999
-125.886307108799000,17.051642013483001
-125.991982738128000,15.765413274104001
-127.009022646511990,15.397355995590001
-127.183286500829000,15.304214970006999
-126.692042704608000,15.223926738276001
-126.733477726355010,15.770801207298000
-127.522567403769000,15.277421358701000
-127.963190092799000,15.498949892963999
-126.870153698465000,14.404696308881000
-128.731000861847010,14.714863704898001
-128.415762121834010,14.643244722718000
-127.948213747797000,14.552843846787001
-127.204424551202000,16.200300591137001
-127.840558857399000,13.556946149673999
-127.811745779143000,14.434075511513001
-127.481767340301000,13.789523600160001
-127.577562478337000,14.614929529166000
-127.315322015446000,14.979785825362001
-126.254958404626000,14.860881764547999
-126.370604819939000,14.771296513250000
-126.010634991995000,14.440645494822000
-126.163357504093990,16.931097029711999
-126.358363603247000,16.841262759315999
-126.756258211011000,17.359299748335999
-126.520624015301000,17.119787341441000
-125.463512464294990,15.374733899228000
-125.610516314025010,16.871954861833999
-125.616584286773000,14.750692722059000
-125.452749022579990,14.616645687720000
-125.570660765749000,14.615404511475999
-125.756837202331000,14.984033855909001
-125.200790245072000,14.219469289677001
-125.156245808764000,13.938825550089000
-124.926766112116990,13.872629483748000
-125.710501697260990,15.845194526916000
-125.733393960917990,17.299851656377999
-109.250547726866000,-3.984582659857000
-109.672252910632000,-1.478162224105000
-109.806255045710000,1.299809517913000
-110.381004819758000,-1.576557344545000
-111.403891957964010,-2.120114157751000
-107.539022059472000,-0.388659267001000
-107.503598217251000,-0.838884874593000
-107.457240566873000,-0.987896231056000
-108.144950094532010,0.439984570435000
-110.989186140586990,-7.866627980338000
-111.089235866208000,-7.209681346728000
-111.153225300735000,-7.234652833373000
-111.348575159801000,-7.265693778578000
-110.700838357436000,-7.738770427423000
-110.697674882635000,-4.885596212167000
-110.618936752040990,-4.731974510108000
-111.999953128046000,-5.713483763037000
-111.872253347349000,-5.579604960693000
-111.857011760621010,-5.557772417542000
-111.836826956575000,-5.534292135285000
-111.885641227582990,-5.759157031375000
-112.030047251992000,-5.049622264219000
-112.384723094509000,-3.527935200040000
-112.296569052349990,-2.455668976961000
-107.959138518587000,-2.397292873161000
-105.552606488626000,-1.584953819828000
-106.354186084297990,-1.957948352043000
-105.839525359560000,-1.907737549629000
-106.262730694187990,-2.183896962903000
-105.764209155939990,-2.691384715868000
-106.528130649801990,-2.329149641314000
-106.517371192141990,-0.372721590131000
-106.572961723386000,-0.460590494354000
-106.834775193113000,-0.941179603169000
-107.227495397705000,-0.593290472162000
-107.390680505548000,-0.318924301831000
-107.227495397705000,-0.234641883494000
-104.993778854357000,-0.117416928124000
-104.840755456525000,0.879626148373000
-102.154248180051000,14.235378164557000
-101.694925811767010,14.026185167449000
-101.700978006701010,14.591056694600001
-101.112906398969000,14.178498739947999
-100.221216345394000,18.035428078018999
-100.245425125129000,18.016262794062001
-100.845601122728000,15.702306931051000
-105.442438013677010,5.555518384708000
-105.039708472917000,5.942427405167000
-105.538071398623000,5.334485640798000
-105.788707069539000,4.631547765145000
-106.413985494360010,2.330585958213000
-105.546599223868990,3.861899851713000
-106.834361305271000,2.341553810317000
-106.069029759991000,3.457725022438000
-101.547430701015000,4.335043465678000
-100.895551026253000,4.779193877884000
-100.960968528826000,4.595565800486000
-100.781676114365990,4.947902173993000
-98.897512912837001,6.092254779443000
-98.984655954869993,5.885435293018000
-89.307424437517000,2.596875563882000
-88.711228276965997,0.352404876187000
-88.544602799326995,-1.896699019941000
-91.772433012920004,-2.599303117318000
-92.298380098799996,-2.753460021801000
-87.078121485691000,3.442924927893000
-86.699388576057999,2.706978023947000
-103.761191633347000,3.410527710613000
-103.851571077691010,3.241245576761000
-103.986422947029990,2.945719139699000
-104.231738581679000,2.512471644589000
-104.854924127794010,2.322116104211000
-104.441021240935000,2.126487308803000
-104.357097471187000,2.166297302145000
-104.370008820379000,2.142626495293000
-104.587349865112000,1.824146548556000
-104.734754435054000,1.594970100398000
-103.996081552772000,1.612549277575000
-103.639522820869000,0.286272715737000
-102.819293498586010,-0.922970775721000
-103.685788488807010,-1.921448446572000
-103.582497695271000,-2.235146412127000
-104.559934648920010,-3.258490385126000
-105.690395000401000,-3.063385552890000
-107.515199019542000,-2.705055762968000
-108.254812109062000,-3.054459188017000
-108.009974672531000,-4.227638571392000
-108.275215228772000,-4.258243250958000
-108.162998070363000,-4.235289741284000
-108.910262329773000,-3.982801134862000
-105.831729924511000,-5.911561044886000
-106.405635120143000,-8.726995841133000
-108.315435397667000,-7.368207395942000
-82.657324306640007,33.659974307307998
-82.837649730468996,33.592555342543001
-84.631206789089006,30.816745182819002
-84.571098314479002,30.851673080226998
-102.222953967265990,-2.044320083915000
-98.802501792078004,-0.097628257046000
-98.860985713320005,-0.040768889172000
-83.124476366508006,3.325922918918000
-83.065180168582998,3.433955717878000
-94.843636706032996,5.339287545093000
-112.753060674035000,-6.759334101478000
-112.300351802200000,-6.868720694912000
-111.425259054729000,-7.279258868907000
-110.955560062255000,-7.172647554143000
-113.615773723156000,-8.440566331251000
-113.387614227941000,-8.390024670919001
-113.280754717524000,-8.488219896707999
-113.130573783965000,-8.457894900508000
-113.056927364622990,-8.442010378689000
-112.781114303951000,-8.371252054224000
-112.560175045927000,-8.325042536206000
-112.563063140803000,-8.459338947946000
-112.282917937817000,-8.277388970749000
-111.910353698795010,-8.290385397692001
-109.426846166896990,-5.687901344374000
-109.542900198111000,-5.714401871187000
-107.966939433965000,-4.522747672020000
-100.052966636942000,-1.806888962590000
-99.508721202505001,-1.995149961923000
-99.296499712347000,-1.919845562190000
-99.564749305191000,-1.588664844250000
-99.385313598482000,-1.212428685020000
-99.503007986754000,-1.119816707364000
-98.984959736736997,-0.860310228305000
-99.085289379198002,-0.894075011826000
-99.202983767470002,-0.936522168252000
-98.363687719956999,-0.466709323264000
-90.822077953047994,-1.021018746701000
-86.185897163180996,-0.936971757613000
-106.635473694702000,2.980555013584000
-106.663771798986010,2.932962747288000
-105.933721686223000,5.202007003370000
-106.376229711992000,5.291582599964000
-107.220406628400990,6.962686657790000
-83.501306400142994,31.370535744942998
-85.258289960824001,32.666650853027001
-84.721602597506006,33.789821191621002
-84.595547405695996,33.894009666484997
-86.963638920947005,36.399806977274999
-76.011510193852004,37.412864550735002
-125.331404493567010,8.375083933622999
-125.306504319380000,8.378331782429999
-125.123542169922000,8.443288758569000
-126.658571748643990,9.115352880214999
-123.070390161503990,6.931416707295000
-123.292911341441990,6.411507408374000
-123.037115966372990,6.415666682765000
-123.024638143199000,6.363675752873000
-123.207646216418990,6.053809810716000
-122.887382088284000,5.897837021040000
-122.860346804740000,5.837527542365000
-122.839550432783000,5.783456975277000
-122.814594786434990,5.708590036232000
-122.635745987606000,5.795934798451000
-122.565038322953000,5.864562825909000
-122.997602859655000,5.783456975277000
-122.953930478546000,5.702351124645000
-122.966408301719990,5.565095069730000
-122.554640136974000,5.791775524060000
-123.224283313985000,6.311684822981000
-123.386495015248000,6.619471127942000
-123.020478868808000,6.085004368651000
-123.037115966372990,6.041331987542000
-123.340742996943010,6.124517475369000
-123.290831704246000,6.147393484522000
-120.203639203338990,6.512988213248000
-120.125120875718000,6.512988213248000
-117.021545261605990,8.026961538874000
-116.478991347908010,7.587952108835000
-121.015868623409010,10.145649491096000
-133.686004774076990,-10.227604309980000
-133.609866417732010,-10.230372977483000
-133.568336405179000,-10.242831981248999
-133.452052370032990,-10.280208992545999
-133.399447687466990,-10.273287323787001
-133.344074337398010,-10.295436663815000
-133.326077998625010,-10.320354671345999
-133.290085321080000,-10.323123338849999
-133.220868633493010,-10.323123338849999
-133.175185619686000,-10.335582342615000
-133.105968932098990,-10.343888345126000
-133.003528234470000,-10.382649690174000
-109.745368746834000,20.060148285191001
-110.173797658740000,18.739551474315999
-108.038644671323990,20.255985014234000
-107.611191727134000,19.969524402421001
-107.235212174127990,20.123944575976001
-104.985472030709000,24.763857838002998
-105.004589613327000,24.443228863293999
-117.601886081213000,27.288553240138999
-120.554970332146000,26.346521672992001
-127.595579537507010,15.809564637809000
-124.471415552935990,15.709841562822000
-123.563557132963990,14.775676697052001
-123.464676822508000,15.404609283967000
-123.516695489233000,14.998848735617001
-122.157408863180000,15.386323028519000
-121.279519122726000,15.431297500792001
-121.022116409793000,15.194616304165001
-120.964716501682010,15.031983231185000
-121.077124655065010,15.379970174106001
-121.139307888852000,15.058291522402000
-121.428699092242990,14.911204257868000
-121.626011276374000,14.222405360540000
-120.741096026334010,15.504336641679000
-122.605634743537000,13.383429359968000
-122.425838520261000,14.610070109472000
-126.333613754775000,18.210262693539999
-127.044731379466000,14.424385906318999
-127.215572782126000,16.646020698857999
-127.392712386116000,16.693028401187000
-126.988678618465000,16.125916816930001
-122.614578971217990,19.852322395517000
-128.589764005523990,13.827341660545001
-128.342237665868990,15.911029959774000
-128.301131947691000,16.209307543209000
-128.997071061172990,14.985366937593000
-128.789957277991990,22.705529017395001
-126.219844873536000,16.316654504553998
-126.667587148747000,15.931012639155000
-138.775576653733000,20.536951113249000
-132.786237041352990,16.595365709993999
-132.707622727120990,13.950402802380999
-132.098632636579990,13.980343846138000
-132.114237856192010,14.050778919142999
-132.404584856532010,14.844850697171999
-131.529263639314990,15.412903243644999
-132.217870381111000,16.633669688017001
-132.116137049069010,16.713484111963002
-131.909371236953010,15.748615490382999
-131.990993984117010,15.735404651547000
-131.572225407920000,14.777569807244999
-131.581931914957010,14.742970179656000
-131.496324692511990,14.527201877619000
-131.778479025563000,14.845529643175000
-133.382836265228010,13.783711323803001
-133.359449281816010,13.650539009477001
-133.242613170313010,13.843870329487000
-133.420737588654990,13.863575348084000
-133.007921059532010,16.021025765160999
-132.759521237640000,15.930852486368000
-132.992245451305990,15.656241969474999
-132.730750110205010,16.090724710387999
-132.722312394173000,16.145069373685001
-133.198564174322000,15.938914765047000
-133.788149904546000,16.217196910165999
-134.162132570085990,16.224559477627999
-134.241837084629000,15.763810900615001
-134.336365702742000,15.574682376875000
-134.319215283251990,15.467074447572999
-134.126293677765010,14.818015855296000
-134.537467526022000,14.134187988641999
-133.500444504733000,13.883703974825000
-133.321765407718000,15.035327751460001
-134.253993204480990,16.522831012646002
-131.847200636900000,17.010658934437998
-131.964656237573990,17.378488653666999
-131.404460871542990,16.659613861842999
-131.692188825524990,15.952772219953999
-132.248398999432990,15.415175914518001
-133.327015320225000,16.419961598695998
-133.234086253590990,16.399987939449002
-132.465491065555990,16.491090062150001
-132.329706285177990,13.490043906664001
-132.293649649368010,13.421133803629999
-133.425591721209000,13.357014961916001
-132.340779535314990,13.979277433792999
-132.358671642851990,14.003711985594000
-133.269410246272000,13.945402134151999
-133.613051428276010,14.704648618122000
-132.733005060598000,14.899266795838001
-130.584898338457010,15.481935575106000
-130.721081816008990,15.480418590997999
-130.579456625718990,15.272914510016999
-130.514262451447000,15.870635037512001
-130.026380176038000,16.496768493731999
-130.482026752628000,16.585290342105001
-130.366461639877000,17.038273468073999
-129.935612538017010,16.702489957724001
-128.672109110445010,18.060206890017000
-128.671444231608010,18.019012656373999
-128.389269593319000,18.428504562800001
-128.262948839916990,18.244463257490999
-128.302233563534000,18.745711511427000
-131.694309085711010,19.407944895536001
-131.435132137093010,19.611462413675000
-128.524315600816010,19.278735898204999
-128.395414003833000,19.300454517458999
-128.328133366054000,19.284153409249999
-128.476868221355010,19.277312274277001
-128.257836811929000,19.671467950872000
-128.129068549289000,20.486830620128000
-128.201453078203000,20.420389340758000
-128.092910648573000,20.538501925424001
-128.033610986087010,20.112537072744999
-129.232306140878990,20.600895054864999
-128.881460248477990,20.647006610719998
-128.511150420246000,20.871963808977998
-128.290830537501990,20.977081419122001
-128.863998204035990,21.068617426353999
-129.267385129762000,21.080302570994998
-129.189253364459010,21.205620932714002
-129.133126918479010,21.262426661970000
-129.352427308642010,20.906046716725001
-129.337009722441990,20.776322925041999
-129.595672803270990,20.843520206824000
-130.274555527268010,20.075034299410000
-129.683585353316000,21.570171078091001
-129.705949222234010,21.668568978172001
-129.733212942926000,21.367778359584999
-129.019088553209000,21.708700066279999
-127.980176211415990,22.327349068846001
-128.748286660715990,21.500748525666001
-132.750300002539010,19.571613303816001
-132.626868718673990,19.978790881418000
-132.637530050788000,20.129154876289000
-132.878340199845010,20.153938192754001
-132.687887890556990,20.446772925937001
-132.932127445864010,20.502883524727000
-133.114368893951990,19.519499363102000
-133.230228984586010,19.887652678252000
-133.589601111164000,19.430544825079000
-133.738975558806000,19.784340792929999
-133.893276662696000,19.729327378592000
-134.130999960829000,19.560048600898000
-133.634162553599000,19.816296234715001
-133.621697008290000,20.264756633099001
-134.230266138831010,20.544975788197998
-133.318132115510000,20.168680557380000
-133.418570742429010,22.070016256710002
-133.762004353995000,22.003916494504001
-133.322505864948000,20.858247492354000
-133.214559164417010,20.784785961133000
-132.531642468233000,20.734811130552998
-132.646365840877990,20.967096274591999
-132.689397719451990,21.095424398456998
-132.638645853226000,21.370290007725000
-132.413309392690990,21.835272413816000
-132.117052909040010,22.164679617120999
-131.539013739442990,22.359360811715000
-131.568718022438990,22.380683958603999
-131.440717277433010,22.259356530569001
-131.637263748777000,22.525886884428001
-130.951945155934000,22.122296789901998
-130.956014627885000,22.034080717548999
-130.784574777286000,21.983376672742999
-130.780667354403990,21.254593450287000
-130.331051728890000,22.047919400434999
-130.309703369870990,22.069905248622000
-130.301698748742010,22.111041918163000
-130.367427319212000,22.013425524725001
-130.233498784447990,22.552321648067000
-130.090671640439010,22.534890557851998
-130.064945553726010,22.477716331650999
-129.950041827986010,22.621658157614998
-129.898580994282010,22.758704664423000
-129.794518428305990,22.833397293518999
-129.741095679610990,22.844413134195001
-129.886104539880990,22.768650821769000
-130.494025318925000,20.594145780005000
-130.445008680223000,20.588871101749000
-131.619912100043990,20.351453852915000
-131.586462780457000,20.445742447268000
-131.577951568568010,20.478276976735000
-132.033099212775000,20.986204989449000
-132.886332411340990,21.749079862215002
-133.006679028495990,21.934099358745001
-133.003832469543000,22.010670814697999
-133.018043909124000,22.043962411176999
-132.990044076083990,22.161621364150999
-133.343338544612010,22.665223587564999
-132.389450333039010,22.667147253168999
-132.360128804319000,22.789478369268000
-132.360801729309000,22.830093200027999
-134.809111959579010,17.713158462014000
-134.479330178782990,17.814395564428001
-134.827245007346990,17.985523972892999
-134.474765958327990,18.414667014068002
-134.538394956957010,18.542512503996001
-134.474383336549010,18.683553286420999
-134.531803949216990,18.961389400502000
-134.407988479751000,19.050080746132998
-134.581292528956990,19.660763011577998
-134.447657395626010,20.074649728387001
-134.688233122245010,20.443454151535001
-134.052035236935010,20.538536773825999
-134.442473229781000,20.850255975837001
-134.800368277451010,21.110768031330000
-134.492939313664010,21.547238968849999
-134.501959756343010,22.060494506444002
-134.394017854573010,21.503996741361998
-134.412317775914000,22.260266280084998
-133.747749798858000,21.434925097472998
-133.967276905391000,22.176681847533001
-133.918550071296010,22.414490099045999
-134.125442427334010,23.090977790010001
-133.648506013261990,22.199072765055998
-133.855634876994000,22.181174494493000
-133.426813138803990,22.028404740136001
-134.692589404430010,23.414407356363000
-135.387109193639990,21.742699320307999
-135.844650631516000,21.861410096176002
-135.839236553930990,22.111522708427000
-136.248797371770990,21.991861573950001
-136.660931899973010,21.554336397200000
-136.096052007731000,21.246716127799999
-136.903704380536000,21.124025221591999
-136.071074118749010,20.484182394990000
-135.230763322226010,20.360556819045001
-135.273306638076010,20.508420356889001
-135.240867056036990,19.785754789070001
-136.975565509202000,19.142923939928998
-136.016247647695990,19.148743823549001
-135.046312555182000,19.081147427106998
-135.421396211071990,20.146111821519000
-134.825193428544000,14.511125226246000
-135.738627263125010,14.573990863628000
-135.878272900041990,14.644838061245000
-136.255672359866990,14.832602064503000
-137.095818594023000,15.189042809746001
-137.119251815198990,15.954789114761001
-136.411592850386000,16.462671441424000
-136.626213278195990,16.918927372292998
-137.003826477362990,16.605581541461000
-136.033352855603000,15.929920890730999
-137.705328820317990,15.915658119675999
-137.128612130121010,18.651028845511998
-137.190677929678000,18.628591423985998
-137.852231838556010,15.332871382893000
-138.350886718662990,15.005305871415000
-138.393286559188000,14.364794104848000
-138.421235657173010,14.327947744179999
-138.352604742851010,15.285785473356000
-139.382657680633000,17.733285118369999
-139.227965749639000,17.758094382218001
-133.644160655316000,20.495023892458999
-133.584034871097000,20.455611388992001
-132.457549345514000,20.296556064851998
-132.468192021713010,20.220965365413001
-133.736854268953010,21.503660479769000
-135.978784664577010,20.107301593669000
-137.498880985786000,19.187393923753000
-137.398208364055990,19.175726187573002
-137.093765054790990,19.130597064841002
-137.064327149631990,19.041470689930001
-136.691843201271010,17.826625556218001
-129.526866039904010,18.404116682207999
-129.594185069393010,18.170850963624002
-129.267164211992990,17.789860757951999
-129.731151078930000,17.548949964247001
-130.349993765998990,16.143886471047999
-135.067792288900990,20.040046519627001
-134.353334535730000,18.965077593598000
-133.955737582355990,19.690807842278002
-133.397163881407010,19.851575718039001
-135.031645727358010,18.646407786746000
-134.655892866578990,19.416490803283999
-136.023852880248000,19.776624770089001
-135.761578693670000,19.864342262539999
-134.870517029988010,20.685618594615999
-134.604357142758000,20.556773546186999
-134.595491734542010,20.630362684590999
-135.744520620004010,19.597641139633001
-135.629898806765990,18.673054287930999
-135.642778738668000,18.366655530454999
-127.963078872999010,16.469720846122001
-133.489890274820990,21.264627895006999
-136.215149647774010,20.784699815598000
-136.265377041761010,18.533448616089998
-136.155258150824010,18.516884872782999
-135.704708800230010,18.557154331313001
-137.153859029307990,19.032927909373999
-137.301258022419010,18.883465775369999
-134.894304557023990,21.284788136511999
-134.883665360922010,21.299840661141999
-137.080969245940000,19.171216030665999
-137.288245153740010,19.126996776273000
-137.272534700173990,19.063241519070001
-134.909194095476010,18.093439967458000
-135.613185227993000,17.794556905347999
-135.567416794006990,17.721833682412001
-136.228574398044000,21.217423160132000
-138.779552662024000,20.528195809713001
-138.564586604114990,24.120855486730001
-139.601455758024000,17.551714187620998
-139.502129333907990,17.526912825570999
-136.954853142014000,16.690038174258000
-134.655466953193010,15.732676261613999
-134.673715696259990,15.158864862287000
-134.419581798680010,16.482224876709001
-134.346149551144010,15.852109660121000
-133.818698409856010,16.186403666598000
-133.624079272926990,16.023234190713001
-133.446871704316010,16.258383870978001
-133.541104965034010,15.921608127389000
-133.557321129821990,16.166639973953000
-133.390463907367010,16.983363650297001
-133.426130990953000,16.647957399740999
-132.998202928709990,16.995438899882998
-137.660318531734990,17.875937213101000
-137.809203293926000,17.832105922116000
-136.043902892965010,14.557853319606000
-136.615078081311000,15.077343187493000
-136.151075540683000,13.518244100332000
-136.507432603380010,13.460355560432999
-138.211163980646010,15.189056421267001
-136.156119798547990,13.476450430302000
-135.701931996561000,14.472473266260000
-136.716380593207990,14.510363928729999
-137.674165125678000,15.575735160437000
-128.276364335583000,19.670415848396001
-130.112030033611010,17.289311016178999
-130.267415912904000,18.249875877453999
-130.381430077755000,18.248753643471002
-130.023823690120990,18.531418481848998
-130.263646620153000,19.811277538732998
-129.696783032579990,20.731497641406001
-129.690008558942990,21.546815718676999
-131.362776225156010,21.494631577667000
-131.027408317760010,21.882342775304000
-130.716410933932000,22.032509777501001
-131.206613017258010,19.749455082861001
-132.385503557531000,22.743048310576999
-132.490202416817990,20.115767577172001
-130.560262374903000,21.922251273861999
-130.091792007701000,22.447546121369999
-133.713904879326010,21.995014036615000
-131.694326210947990,15.763596234081000
-131.754596740776010,15.813132495901000
-132.231999278953990,16.034991005003000
-132.560335348773010,15.521303279795999
-131.085234130782990,16.269768394949999
-131.953902301549990,16.692010326095001
-132.642822298568010,16.100978071252001
-131.776332477224000,19.747785886165001
-130.541450565959000,15.221428623214999
-128.414097683786990,14.640605153169000
-128.113197685064990,14.522136448392001
-128.178918148317990,14.326479135593001
-128.264966515375990,15.554124024521000